"drug","n_users","iacb_status","boustani_score","boustani_status"
"lisinopril",301,"d. unscored (not on list)",NA,"d. unscored (not on list)"
"simvastatin",258,"d. unscored (not on list)",NA,"d. unscored (not on list)"
"atorvastatin",255,"d. unscored (not on list)",NA,"d. unscored (not on list)"
"amlodipine",249,"d. unscored (not on list)",0,"a. confirmed score zero"
"omeprazole",213,"d. unscored (not on list)",NA,"d. unscored (not on list)"
"hydrochlorothiazide",147,"d. unscored (not on list)",NA,"d. unscored (not on list)"
"losartan",132,"d. unscored (not on list)",NA,"d. unscored (not on list)"
"rosuvastatin",101,"d. unscored (not on list)",NA,"d. unscored (not on list)"
"atenolol",99,"d. unscored (not on list)",1,"b. exact match"
"carvedilol",97,"d. unscored (not on list)",NA,"d. unscored (not on list)"
"clopidogrel",95,"d. unscored (not on list)",NA,"d. unscored (not on list)"
"gabapentin",85,"d. unscored (not on list)",0,"a. confirmed score zero"
"tamsulosin",76,"d. unscored (not on list)",NA,"d. unscored (not on list)"
"acetaminophen; hydrocodone",67,"d. unscored (not on list)",NA,"c. combination, partially resolved"
"glipizide",65,"d. unscored (not on list)",NA,"d. unscored (not on list)"
"hydrochlorothiazide; lisinopril",62,"d. unscored (not on list)",NA,"d. unscored (not on list)"
"insulin glargine",60,"d. unscored (not on list)",NA,"d. unscored (not on list)"
"lovastatin",57,"d. unscored (not on list)",NA,"d. unscored (not on list)"
"pantoprazole",57,"d. unscored (not on list)",NA,"d. unscored (not on list)"
"alendronate",48,"d. unscored (not on list)",NA,"d. unscored (not on list)"
"esomeprazole",47,"d. unscored (not on list)",NA,"d. unscored (not on list)"
"zolpidem",45,"d. unscored (not on list)",0,"a. confirmed score zero"
"fluticasone nasal",40,"d. unscored (not on list)",NA,"d. unscored (not on list)"
"glimepiride",40,"d. unscored (not on list)",NA,"d. unscored (not on list)"
"finasteride",39,"d. unscored (not on list)",NA,"d. unscored (not on list)"
"meloxicam",39,"d. unscored (not on list)",NA,"d. unscored (not on list)"
"fenofibrate",38,"d. unscored (not on list)",NA,"d. unscored (not on list)"
"hydrochlorothiazide; losartan",38,"d. unscored (not on list)",NA,"d. unscored (not on list)"
"aspirin",36,"d. unscored (not on list)",0,"a. confirmed score zero"
"fluticasone; salmeterol",36,"d. unscored (not on list)",0,"c. combination, fully resolved"
"clonidine",32,"d. unscored (not on list)",0,"a. confirmed score zero"
"enalapril",29,"d. unscored (not on list)",NA,"d. unscored (not on list)"
"naproxen",29,"d. unscored (not on list)",NA,"d. unscored (not on list)"
"ibuprofen",28,"d. unscored (not on list)",NA,"d. unscored (not on list)"
"terazosin",28,"d. unscored (not on list)",NA,"d. unscored (not on list)"
"donepezil",27,"d. unscored (not on list)",0,"a. confirmed score zero"
"isosorbide mononitrate",26,"d. unscored (not on list)",NA,"d. unscored (not on list)"
"digoxin",25,"d. unscored (not on list)",1,"b. exact match"
"insulin aspart",25,"d. unscored (not on list)",NA,"d. unscored (not on list)"
"ramipril",25,"d. unscored (not on list)",NA,"d. unscored (not on list)"
"hydrochlorothiazide; triamterene",24,"d. unscored (not on list)",NA,"c. combination, partially resolved"
"lansoprazole",24,"d. unscored (not on list)",0,"a. confirmed score zero"
"tiotropium",24,"d. unscored (not on list)",0,"a. confirmed score zero"
"verapamil",24,"d. unscored (not on list)",0,"a. confirmed score zero"
"hydralazine",23,"d. unscored (not on list)",1,"b. exact match"
"sitagliptin",23,"d. unscored (not on list)",NA,"d. unscored (not on list)"
"amlodipine; benazepril",22,"c. combination, partially resolved",0,"c. combination, fully resolved"
"glyburide",22,"d. unscored (not on list)",NA,"d. unscored (not on list)"
"hydrocodone",22,"d. unscored (not on list)",0,"a. confirmed score zero"
"latanoprost ophthalmic",21,"d. unscored (not on list)",NA,"d. unscored (not on list)"
"diclofenac",20,"d. unscored (not on list)",NA,"d. unscored (not on list)"
"pioglitazone",19,"d. unscored (not on list)",NA,"d. unscored (not on list)"
"hydrochlorothiazide; valsartan",18,"c. combination, partially resolved",NA,"d. unscored (not on list)"
"budesonide; formoterol",17,"d. unscored (not on list)",NA,"c. combination, partially resolved"
"doxazosin",17,"d. unscored (not on list)",0,"a. confirmed score zero"
"99999",16,"d. unscored (not on list)",NA,"d. unscored (not on list)"
"pregabalin",16,"d. unscored (not on list)",0,"a. confirmed score zero"
"brimonidine ophthalmic",14,"d. unscored (not on list)",NA,"d. unscored (not on list)"
"insulin detemir",14,"d. unscored (not on list)",NA,"d. unscored (not on list)"
"triamterene",14,"d. unscored (not on list)",1,"b. exact match"
"gemfibrozil",13,"d. unscored (not on list)",NA,"d. unscored (not on list)"
"quinapril",13,"d. unscored (not on list)",NA,"d. unscored (not on list)"
"raloxifene",13,"d. unscored (not on list)",NA,"d. unscored (not on list)"
"bisoprolol; hydrochlorothiazide",12,"c. combination, partially resolved",NA,"d. unscored (not on list)"
"conjugated estrogens",12,"d. unscored (not on list)",NA,"d. unscored (not on list)"
"memantine",12,"d. unscored (not on list)",NA,"d. unscored (not on list)"
"metformin; sitagliptin",12,"c. combination, partially resolved",NA,"c. combination, partially resolved"
"nebivolol",12,"d. unscored (not on list)",NA,"d. unscored (not on list)"
"nitrofurantoin",12,"d. unscored (not on list)",NA,"d. unscored (not on list)"
"ropinirole",12,"d. unscored (not on list)",NA,"d. unscored (not on list)"
"acetaminophen; codeine",11,"d. unscored (not on list)",NA,"c. combination, partially resolved"
"amiodarone",11,"d. unscored (not on list)",0,"a. confirmed score zero"
"docusate",11,"d. unscored (not on list)",NA,"d. unscored (not on list)"
"ezetimibe; simvastatin",11,"c. combination, partially resolved",NA,"d. unscored (not on list)"
"hydroxychloroquine",11,"d. unscored (not on list)",NA,"d. unscored (not on list)"
"baclofen",10,"d. unscored (not on list)",0,"a. confirmed score zero"
"brimonidine; timolol ophthalmic",10,"d. unscored (not on list)",NA,"d. unscored (not on list)"
"colchicine",10,"d. unscored (not on list)",1,"b. exact match"
"cyclosporine ophthalmic",10,"d. unscored (not on list)",NA,"d. unscored (not on list)"
"insulin",10,"d. unscored (not on list)",NA,"d. unscored (not on list)"
"isosorbide",10,"d. unscored (not on list)",1,"b. exact match"
"niacin",10,"d. unscored (not on list)",NA,"d. unscored (not on list)"
"rivaroxaban",10,"d. unscored (not on list)",NA,"d. unscored (not on list)"
"sulfamethoxazole; trimethoprim",10,"c. combination, partially resolved",NA,"d. unscored (not on list)"
"acetaminophen; oxycodone",9,"c. combination, partially resolved",NA,"c. combination, partially resolved"
"amlodipine; valsartan",9,"c. combination, partially resolved",NA,"c. combination, partially resolved"
"atenolol; chlorthalidone",9,"c. combination, partially resolved",NA,"c. combination, partially resolved"
"bimatoprost ophthalmic",9,"d. unscored (not on list)",NA,"d. unscored (not on list)"
"diazepam",9,"d. unscored (not on list)",1,"b. exact match"
"dutasteride",9,"d. unscored (not on list)",NA,"d. unscored (not on list)"
"methotrexate",9,"d. unscored (not on list)",0,"a. confirmed score zero"
"mometasone nasal",9,"d. unscored (not on list)",NA,"d. unscored (not on list)"
"omega-3 polyunsaturated fatty acids",9,"d. unscored (not on list)",NA,"d. unscored (not on list)"
"amlodipine; olmesartan",8,"c. combination, partially resolved",NA,"c. combination, partially resolved"
"buspirone",8,"d. unscored (not on list)",NA,"d. unscored (not on list)"
"cilostazol",8,"d. unscored (not on list)",NA,"d. unscored (not on list)"
"insulin isophane (nph)",8,"d. unscored (not on list)",NA,"d. unscored (not on list)"
"insulin isophane; insulin regular",8,"d. unscored (not on list)",NA,"d. unscored (not on list)"
"insulin lispro",8,"d. unscored (not on list)",NA,"d. unscored (not on list)"
"labetalol",8,"d. unscored (not on list)",NA,"d. unscored (not on list)"
"levetiracetam",8,"d. unscored (not on list)",NA,"d. unscored (not on list)"
"liraglutide",8,"d. unscored (not on list)",NA,"d. unscored (not on list)"
"sotalol",8,"d. unscored (not on list)",NA,"d. unscored (not on list)"
"travoprost ophthalmic",8,"d. unscored (not on list)",NA,"d. unscored (not on list)"
"77777",7,"d. unscored (not on list)",NA,"d. unscored (not on list)"
"acyclovir",7,"d. unscored (not on list)",NA,"d. unscored (not on list)"
"dabigatran",7,"d. unscored (not on list)",NA,"d. unscored (not on list)"
"dorzolamide ophthalmic",7,"d. unscored (not on list)",NA,"d. unscored (not on list)"
"hydrochlorothiazide; olmesartan",7,"c. combination, partially resolved",NA,"d. unscored (not on list)"
"ibandronate",7,"d. unscored (not on list)",NA,"d. unscored (not on list)"
"mometasone",7,"d. unscored (not on list)",NA,"d. unscored (not on list)"
"polyethylene glycol 3350",7,"d. unscored (not on list)",NA,"d. unscored (not on list)"
"55555",6,"d. unscored (not on list)",NA,"d. unscored (not on list)"
"budesonide",6,"d. unscored (not on list)",NA,"d. unscored (not on list)"
"ciprofloxacin",6,"d. unscored (not on list)",NA,"d. unscored (not on list)"
"dexlansoprazole",6,"d. unscored (not on list)",NA,"d. unscored (not on list)"
"dorzolamide; timolol ophthalmic",6,"d. unscored (not on list)",NA,"d. unscored (not on list)"
"glyburide; metformin",6,"c. combination, partially resolved",NA,"c. combination, partially resolved"
"insulin aspart; insulin aspart protamine",6,"d. unscored (not on list)",NA,"d. unscored (not on list)"
"insulin regular",6,"d. unscored (not on list)",NA,"d. unscored (not on list)"
"irbesartan",6,"d. unscored (not on list)",NA,"d. unscored (not on list)"
"letrozole",6,"d. unscored (not on list)",NA,"d. unscored (not on list)"
"linagliptin",6,"d. unscored (not on list)",0,"a. confirmed score zero"
"risedronate",6,"d. unscored (not on list)",NA,"d. unscored (not on list)"
"aliskiren",5,"d. unscored (not on list)",NA,"d. unscored (not on list)"
"amlodipine; hydrochlorothiazide; valsartan",5,"c. combination, partially resolved",NA,"c. combination, partially resolved"
"beclomethasone",5,"d. unscored (not on list)",NA,"d. unscored (not on list)"
"brinzolamide ophthalmic",5,"d. unscored (not on list)",NA,"d. unscored (not on list)"
"candesartan",5,"d. unscored (not on list)",NA,"d. unscored (not on list)"
"clobetasol topical",5,"d. unscored (not on list)",NA,"d. unscored (not on list)"
"colesevelam",5,"d. unscored (not on list)",NA,"d. unscored (not on list)"
"etodolac",5,"d. unscored (not on list)",NA,"d. unscored (not on list)"
"mesalamine",5,"d. unscored (not on list)",NA,"d. unscored (not on list)"
"phenytoin",5,"d. unscored (not on list)",0,"a. confirmed score zero"
"ranolazine",5,"d. unscored (not on list)",NA,"d. unscored (not on list)"
"tamoxifen",5,"d. unscored (not on list)",NA,"d. unscored (not on list)"
"telmisartan",5,"d. unscored (not on list)",NA,"d. unscored (not on list)"
"thyroid desiccated",5,"d. unscored (not on list)",NA,"d. unscored (not on list)"
"acetaminophen; tramadol",4,"c. combination, partially resolved",NA,"c. combination, partially resolved"
"adalimumab",4,"d. unscored (not on list)",NA,"d. unscored (not on list)"
"antihypertensive agents - unspecified",4,"d. unscored (not on list)",NA,"d. unscored (not on list)"
"azelastine nasal",4,"d. unscored (not on list)",NA,"d. unscored (not on list)"
"azithromycin",4,"d. unscored (not on list)",NA,"d. unscored (not on list)"
"cephalexin",4,"d. unscored (not on list)",NA,"d. unscored (not on list)"
"clotrimazole topical",4,"d. unscored (not on list)",NA,"d. unscored (not on list)"
"conjugated estrogens; medroxyprogesterone",4,"d. unscored (not on list)",NA,"d. unscored (not on list)"
"esterified estrogens; methyltestosterone",4,"c. combination, partially resolved",NA,"d. unscored (not on list)"
"estradiol topical",4,"d. unscored (not on list)",NA,"d. unscored (not on list)"
"etanercept",4,"d. unscored (not on list)",NA,"d. unscored (not on list)"
"fenofibric acid",4,"d. unscored (not on list)",NA,"d. unscored (not on list)"
"formoterol; mometasone",4,"d. unscored (not on list)",NA,"c. combination, partially resolved"
"indapamide",4,"d. unscored (not on list)",NA,"d. unscored (not on list)"
"levalbuterol",4,"d. unscored (not on list)",NA,"d. unscored (not on list)"
"methylphenidate",4,"d. unscored (not on list)",NA,"d. unscored (not on list)"
"nabumetone",4,"d. unscored (not on list)",NA,"d. unscored (not on list)"
"nadolol",4,"d. unscored (not on list)",NA,"d. unscored (not on list)"
"pancrelipase",4,"d. unscored (not on list)",NA,"d. unscored (not on list)"
"pentoxifylline",4,"d. unscored (not on list)",NA,"d. unscored (not on list)"
"repaglinide",4,"d. unscored (not on list)",NA,"d. unscored (not on list)"
"saxagliptin",4,"d. unscored (not on list)",0,"a. confirmed score zero"
"torsemide",4,"d. unscored (not on list)",NA,"d. unscored (not on list)"
"acarbose",3,"d. unscored (not on list)",NA,"d. unscored (not on list)"
"alfuzosin",3,"d. unscored (not on list)",NA,"d. unscored (not on list)"
"amoxicillin; clavulanate",3,"c. combination, partially resolved",NA,"c. combination, partially resolved"
"apixaban",3,"d. unscored (not on list)",NA,"d. unscored (not on list)"
"aspirin; dipyridamole",3,"c. combination, partially resolved",1,"c. combination, fully resolved"
"benazepril; hydrochlorothiazide",3,"c. combination, partially resolved",NA,"c. combination, partially resolved"
"benzonatate",3,"d. unscored (not on list)",NA,"d. unscored (not on list)"
"bumetanide",3,"d. unscored (not on list)",NA,"d. unscored (not on list)"
"calcium acetate",3,"d. unscored (not on list)",NA,"d. unscored (not on list)"
"cinacalcet",3,"d. unscored (not on list)",NA,"d. unscored (not on list)"
"colestipol",3,"d. unscored (not on list)",NA,"d. unscored (not on list)"
"cyanocobalamin",3,"d. unscored (not on list)",NA,"d. unscored (not on list)"
"diclofenac topical",3,"d. unscored (not on list)",NA,"d. unscored (not on list)"
"dronedarone",3,"d. unscored (not on list)",NA,"d. unscored (not on list)"
"enalapril; hydrochlorothiazide",3,"d. unscored (not on list)",NA,"d. unscored (not on list)"
"eszopiclone",3,"d. unscored (not on list)",NA,"d. unscored (not on list)"
"exemestane",3,"d. unscored (not on list)",NA,"d. unscored (not on list)"
"exenatide",3,"d. unscored (not on list)",NA,"d. unscored (not on list)"
"flecainide",3,"d. unscored (not on list)",NA,"d. unscored (not on list)"
"flunisolide nasal",3,"d. unscored (not on list)",NA,"d. unscored (not on list)"
"fluticasone",3,"d. unscored (not on list)",0,"a. confirmed score zero"
"formoterol",3,"d. unscored (not on list)",0,"a. confirmed score zero"
"glipizide; metformin",3,"c. combination, partially resolved",NA,"c. combination, partially resolved"
"hydrochlorothiazide; quinapril",3,"d. unscored (not on list)",NA,"d. unscored (not on list)"
"hydrochlorothiazide; telmisartan",3,"d. unscored (not on list)",NA,"d. unscored (not on list)"
"lactulose",3,"d. unscored (not on list)",NA,"d. unscored (not on list)"
"lidocaine topical",3,"d. unscored (not on list)",NA,"d. unscored (not on list)"
"loteprednol ophthalmic",3,"d. unscored (not on list)",NA,"d. unscored (not on list)"
"lubiprostone",3,"d. unscored (not on list)",NA,"d. unscored (not on list)"
"metolazone",3,"d. unscored (not on list)",NA,"d. unscored (not on list)"
"minoxidil",3,"d. unscored (not on list)",NA,"d. unscored (not on list)"
"mupirocin topical",3,"d. unscored (not on list)",NA,"d. unscored (not on list)"
"oxygen",3,"d. unscored (not on list)",NA,"d. unscored (not on list)"
"potassium citrate",3,"d. unscored (not on list)",NA,"d. unscored (not on list)"
"prednisolone ophthalmic",3,"d. unscored (not on list)",NA,"d. unscored (not on list)"
"primidone",3,"d. unscored (not on list)",NA,"d. unscored (not on list)"
"senna",3,"d. unscored (not on list)",NA,"d. unscored (not on list)"
"sevelamer",3,"d. unscored (not on list)",NA,"d. unscored (not on list)"
"timolol ophthalmic",3,"d. unscored (not on list)",NA,"d. unscored (not on list)"
"acetaminophen; butalbital",2,"d. unscored (not on list)",NA,"d. unscored (not on list)"
"acetaminophen; butalbital; caffeine",2,"c. combination, partially resolved",NA,"d. unscored (not on list)"
"aliskiren; hydrochlorothiazide",2,"d. unscored (not on list)",NA,"d. unscored (not on list)"
"amiloride; hydrochlorothiazide",2,"d. unscored (not on list)",NA,"d. unscored (not on list)"
"amlodipine; hydrochlorothiazide; olmesartan",2,"c. combination, partially resolved",NA,"c. combination, partially resolved"
"ammonium lactate topical",2,"d. unscored (not on list)",NA,"d. unscored (not on list)"
"antihyperlipidemic agents - unspecified",2,"d. unscored (not on list)",NA,"d. unscored (not on list)"
"armodafinil",2,"d. unscored (not on list)",NA,"d. unscored (not on list)"
"betaxolol ophthalmic",2,"d. unscored (not on list)",NA,"d. unscored (not on list)"
"bethanechol",2,"d. unscored (not on list)",NA,"d. unscored (not on list)"
"chlorhexidine topical",2,"d. unscored (not on list)",NA,"d. unscored (not on list)"
"cholestyramine",2,"d. unscored (not on list)",NA,"d. unscored (not on list)"
"denosumab",2,"d. unscored (not on list)",NA,"d. unscored (not on list)"
"difluprednate ophthalmic",2,"d. unscored (not on list)",NA,"d. unscored (not on list)"
"dutasteride; tamsulosin",2,"d. unscored (not on list)",NA,"d. unscored (not on list)"
"febuxostat",2,"d. unscored (not on list)",NA,"d. unscored (not on list)"
"fesoterodine",2,"d. unscored (not on list)",3,"b. exact match"
"fluconazole",2,"d. unscored (not on list)",NA,"d. unscored (not on list)"
"fluphenazine",2,"d. unscored (not on list)",0,"a. confirmed score zero"
"fluvoxamine",2,"d. unscored (not on list)",1,"b. exact match"
"fosinopril",2,"d. unscored (not on list)",NA,"d. unscored (not on list)"
"galantamine",2,"d. unscored (not on list)",NA,"d. unscored (not on list)"
"icosapent",2,"d. unscored (not on list)",NA,"d. unscored (not on list)"
"insulin lispro; insulin lispro protamine",2,"d. unscored (not on list)",NA,"d. unscored (not on list)"
"ipratropium nasal",2,"d. unscored (not on list)",NA,"d. unscored (not on list)"
"isosorbide dinitrate",2,"d. unscored (not on list)",NA,"d. unscored (not on list)"
"lamotrigine",2,"d. unscored (not on list)",NA,"d. unscored (not on list)"
"leflunomide",2,"d. unscored (not on list)",NA,"d. unscored (not on list)"
"linagliptin; metformin",2,"c. combination, partially resolved",0,"c. combination, fully resolved"
"liothyronine",2,"d. unscored (not on list)",NA,"d. unscored (not on list)"
"loperamide",2,"d. unscored (not on list)",1,"b. exact match"
"medroxyprogesterone",2,"d. unscored (not on list)",NA,"d. unscored (not on list)"
"megestrol",2,"d. unscored (not on list)",NA,"d. unscored (not on list)"
"meprobamate",2,"d. unscored (not on list)",NA,"d. unscored (not on list)"
"metaxalone",2,"d. unscored (not on list)",NA,"d. unscored (not on list)"
"metformin; pioglitazone",2,"c. combination, partially resolved",NA,"c. combination, partially resolved"
"metformin; saxagliptin",2,"c. combination, partially resolved",0,"c. combination, fully resolved"
"mirabegron",2,"d. unscored (not on list)",0,"a. confirmed score zero"
"mycophenolate mofetil",2,"d. unscored (not on list)",NA,"d. unscored (not on list)"
"olopatadine nasal",2,"d. unscored (not on list)",NA,"d. unscored (not on list)"
"olopatadine ophthalmic",2,"d. unscored (not on list)",NA,"d. unscored (not on list)"
"omeprazole; sodium bicarbonate",2,"d. unscored (not on list)",NA,"d. unscored (not on list)"
"ondansetron",2,"d. unscored (not on list)",NA,"d. unscored (not on list)"
"oxaprozin",2,"d. unscored (not on list)",NA,"d. unscored (not on list)"
"phenobarbital",2,"d. unscored (not on list)",0,"a. confirmed score zero"
"prasugrel",2,"d. unscored (not on list)",NA,"d. unscored (not on list)"
"propafenone",2,"d. unscored (not on list)",NA,"d. unscored (not on list)"
"quinine",2,"d. unscored (not on list)",NA,"d. unscored (not on list)"
"rifaximin",2,"d. unscored (not on list)",NA,"d. unscored (not on list)"
"roflumilast",2,"d. unscored (not on list)",NA,"d. unscored (not on list)"
"sildenafil",2,"d. unscored (not on list)",NA,"d. unscored (not on list)"
"silodosin",2,"d. unscored (not on list)",NA,"d. unscored (not on list)"
"sodium chloride",2,"d. unscored (not on list)",NA,"d. unscored (not on list)"
"sulindac",2,"d. unscored (not on list)",NA,"d. unscored (not on list)"
"trandolapril",2,"d. unscored (not on list)",0,"a. confirmed score zero"
"triamcinolone topical",2,"d. unscored (not on list)",NA,"d. unscored (not on list)"
"ursodiol",2,"d. unscored (not on list)",NA,"d. unscored (not on list)"
"zaleplon",2,"d. unscored (not on list)",0,"a. confirmed score zero"
"zoledronic acid",2,"d. unscored (not on list)",NA,"d. unscored (not on list)"
"abiraterone",1,"d. unscored (not on list)",NA,"d. unscored (not on list)"
"acetazolamide",1,"d. unscored (not on list)",0,"a. confirmed score zero"
"aflibercept ophthalmic",1,"d. unscored (not on list)",NA,"d. unscored (not on list)"
"alcaftadine ophthalmic",1,"d. unscored (not on list)",NA,"d. unscored (not on list)"
"alendronate; cholecalciferol",1,"d. unscored (not on list)",NA,"d. unscored (not on list)"
"amlodipine; atorvastatin",1,"d. unscored (not on list)",NA,"c. combination, partially resolved"
"ampicillin",1,"d. unscored (not on list)",0,"a. confirmed score zero"
"anastrozole",1,"d. unscored (not on list)",NA,"d. unscored (not on list)"
"antacids - unspecified",1,"d. unscored (not on list)",NA,"d. unscored (not on list)"
"anti-infectives - unspecified",1,"d. unscored (not on list)",NA,"d. unscored (not on list)"
"arformoterol",1,"d. unscored (not on list)",NA,"d. unscored (not on list)"
"azelastine ophthalmic",1,"d. unscored (not on list)",NA,"d. unscored (not on list)"
"azilsartan",1,"d. unscored (not on list)",NA,"d. unscored (not on list)"
"bacitracin topical",1,"d. unscored (not on list)",NA,"d. unscored (not on list)"
"benzoyl peroxide topical",1,"d. unscored (not on list)",NA,"d. unscored (not on list)"
"besifloxacin ophthalmic",1,"d. unscored (not on list)",NA,"d. unscored (not on list)"
"betamethasone; clotrimazole topical",1,"d. unscored (not on list)",NA,"d. unscored (not on list)"
"betaxolol",1,"d. unscored (not on list)",0,"a. confirmed score zero"
"bicalutamide",1,"d. unscored (not on list)",NA,"d. unscored (not on list)"
"bisacodyl",1,"d. unscored (not on list)",0,"a. confirmed score zero"
"budesonide nasal",1,"d. unscored (not on list)",NA,"d. unscored (not on list)"
"calcipotriene topical",1,"d. unscored (not on list)",NA,"d. unscored (not on list)"
"calcitonin",1,"d. unscored (not on list)",NA,"d. unscored (not on list)"
"capecitabine",1,"d. unscored (not on list)",0,"a. confirmed score zero"
"capsaicin topical",1,"d. unscored (not on list)",NA,"d. unscored (not on list)"
"captopril; hydrochlorothiazide",1,"c. combination, partially resolved",NA,"c. combination, partially resolved"
"cardiovascular agents - unspecified",1,"d. unscored (not on list)",NA,"d. unscored (not on list)"
"chlordiazepoxide; clidinium",1,"d. unscored (not on list)",1,"c. combination, fully resolved"
"chlorpheniramine; hydrocodone",1,"c. combination, partially resolved",NA,"c. combination, partially resolved"
"chlorzoxazone",1,"d. unscored (not on list)",0,"a. confirmed score zero"
"ciclesonide nasal",1,"d. unscored (not on list)",NA,"d. unscored (not on list)"
"ciclopirox topical",1,"d. unscored (not on list)",NA,"d. unscored (not on list)"
"codeine",1,"d. unscored (not on list)",1,"b. exact match"
"collagenase topical",1,"d. unscored (not on list)",NA,"d. unscored (not on list)"
"corticotropin",1,"d. unscored (not on list)",NA,"d. unscored (not on list)"
"dapagliflozin",1,"d. unscored (not on list)",NA,"d. unscored (not on list)"
"desmopressin",1,"d. unscored (not on list)",NA,"d. unscored (not on list)"
"desonide topical",1,"d. unscored (not on list)",NA,"d. unscored (not on list)"
"desvenlafaxine",1,"d. unscored (not on list)",0,"a. confirmed score zero"
"dexamethasone; tobramycin ophthalmic",1,"c. combination, partially resolved",NA,"c. combination, partially resolved"
"diuretics - unspecified",1,"d. unscored (not on list)",NA,"d. unscored (not on list)"
"dofetilide",1,"d. unscored (not on list)",NA,"d. unscored (not on list)"
"dronabinol",1,"d. unscored (not on list)",NA,"d. unscored (not on list)"
"efavirenz; emtricitabine; tenofovir",1,"d. unscored (not on list)",NA,"d. unscored (not on list)"
"emtricitabine",1,"d. unscored (not on list)",NA,"d. unscored (not on list)"
"enoxaparin",1,"d. unscored (not on list)",NA,"d. unscored (not on list)"
"eplerenone",1,"d. unscored (not on list)",NA,"d. unscored (not on list)"
"erythromycin ophthalmic",1,"d. unscored (not on list)",NA,"d. unscored (not on list)"
"estradiol; norethindrone",1,"c. combination, partially resolved",NA,"d. unscored (not on list)"
"estrone",1,"d. unscored (not on list)",NA,"d. unscored (not on list)"
"ethinyl estradiol; norethindrone",1,"d. unscored (not on list)",NA,"d. unscored (not on list)"
"etravirine",1,"d. unscored (not on list)",NA,"d. unscored (not on list)"
"fingolimod",1,"d. unscored (not on list)",NA,"d. unscored (not on list)"
"fludrocortisone",1,"d. unscored (not on list)",NA,"d. unscored (not on list)"
"fluocinolone otic",1,"d. unscored (not on list)",NA,"d. unscored (not on list)"
"fluocinonide topical",1,"d. unscored (not on list)",NA,"d. unscored (not on list)"
"fluticasone; vilanterol",1,"d. unscored (not on list)",0,"c. combination, fully resolved"
"fosinopril; hydrochlorothiazide",1,"d. unscored (not on list)",NA,"d. unscored (not on list)"
"frovatriptan",1,"d. unscored (not on list)",NA,"d. unscored (not on list)"
"gatifloxacin ophthalmic",1,"d. unscored (not on list)",NA,"d. unscored (not on list)"
"halcinonide topical",1,"d. unscored (not on list)",NA,"d. unscored (not on list)"
"hydralazine; isosorbide dinitrate",1,"d. unscored (not on list)",NA,"c. combination, partially resolved"
"hydrochlorothiazide; irbesartan",1,"d. unscored (not on list)",NA,"d. unscored (not on list)"
"hydrochlorothiazide; spironolactone",1,"c. combination, partially resolved",NA,"d. unscored (not on list)"
"hydrocodone; ibuprofen",1,"d. unscored (not on list)",NA,"c. combination, partially resolved"
"hydrocortisone topical",1,"d. unscored (not on list)",NA,"d. unscored (not on list)"
"hydrocortisone; neomycin; polymyxin b otic",1,"c. combination, partially resolved",NA,"c. combination, partially resolved"
"imatinib",1,"d. unscored (not on list)",NA,"d. unscored (not on list)"
"indacaterol",1,"d. unscored (not on list)",0,"a. confirmed score zero"
"ketoconazole topical",1,"d. unscored (not on list)",NA,"d. unscored (not on list)"
"ketorolac ophthalmic",1,"d. unscored (not on list)",NA,"d. unscored (not on list)"
"lactic acid topical",1,"d. unscored (not on list)",NA,"d. unscored (not on list)"
"lapatinib",1,"d. unscored (not on list)",NA,"d. unscored (not on list)"
"leuprolide",1,"d. unscored (not on list)",NA,"d. unscored (not on list)"
"levobunolol ophthalmic",1,"d. unscored (not on list)",NA,"d. unscored (not on list)"
"levofloxacin",1,"d. unscored (not on list)",0,"a. confirmed score zero"
"linaclotide",1,"d. unscored (not on list)",NA,"d. unscored (not on list)"
"loteprednol; tobramycin ophthalmic",1,"d. unscored (not on list)",NA,"d. unscored (not on list)"
"methazolamide",1,"d. unscored (not on list)",NA,"d. unscored (not on list)"
"methyclothiazide",1,"d. unscored (not on list)",NA,"d. unscored (not on list)"
"methyldopa",1,"d. unscored (not on list)",0,"a. confirmed score zero"
"metronidazole topical",1,"d. unscored (not on list)",NA,"d. unscored (not on list)"
"mexiletine",1,"d. unscored (not on list)",NA,"d. unscored (not on list)"
"miglitol",1,"d. unscored (not on list)",NA,"d. unscored (not on list)"
"minocycline",1,"d. unscored (not on list)",NA,"d. unscored (not on list)"
"mycophenolic acid",1,"d. unscored (not on list)",NA,"d. unscored (not on list)"
"naltrexone",1,"d. unscored (not on list)",0,"a. confirmed score zero"
"nateglinide",1,"d. unscored (not on list)",NA,"d. unscored (not on list)"
"neomycin; polymyxin b sulfate topical",1,"d. unscored (not on list)",NA,"c. combination, partially resolved"
"nicotine",1,"d. unscored (not on list)",NA,"d. unscored (not on list)"
"nitrazepam",1,"d. unscored (not on list)",0,"a. confirmed score zero"
"nizatidine",1,"d. unscored (not on list)",0,"a. confirmed score zero"
"nystatin topical",1,"d. unscored (not on list)",NA,"d. unscored (not on list)"
"nystatin; triamcinolone topical",1,"d. unscored (not on list)",NA,"d. unscored (not on list)"
"onabotulinumtoxina",1,"d. unscored (not on list)",NA,"d. unscored (not on list)"
"peginterferon alfa-2a",1,"d. unscored (not on list)",NA,"d. unscored (not on list)"
"pentosan polysulfate sodium",1,"d. unscored (not on list)",NA,"d. unscored (not on list)"
"pepsin",1,"d. unscored (not on list)",NA,"d. unscored (not on list)"
"phentermine",1,"d. unscored (not on list)",NA,"d. unscored (not on list)"
"pilocarpine",1,"d. unscored (not on list)",NA,"d. unscored (not on list)"
"piroxicam",1,"d. unscored (not on list)",NA,"d. unscored (not on list)"
"povidone iodine ophthalmic",1,"d. unscored (not on list)",NA,"d. unscored (not on list)"
"progesterone topical",1,"d. unscored (not on list)",NA,"d. unscored (not on list)"
"pseudoephedrine; triprolidine",1,"c. combination, partially resolved",0,"c. combination, fully resolved"
"pyridostigmine",1,"d. unscored (not on list)",NA,"d. unscored (not on list)"
"raltegravir",1,"d. unscored (not on list)",NA,"d. unscored (not on list)"
"ranitidine bismuth citrate",1,"d. unscored (not on list)",NA,"d. unscored (not on list)"
"rasagiline",1,"d. unscored (not on list)",NA,"d. unscored (not on list)"
"ribavirin",1,"d. unscored (not on list)",NA,"d. unscored (not on list)"
"rivastigmine",1,"d. unscored (not on list)",NA,"d. unscored (not on list)"
"rizatriptan",1,"d. unscored (not on list)",NA,"d. unscored (not on list)"
"rotigotine",1,"d. unscored (not on list)",0,"a. confirmed score zero"
"salmeterol",1,"d. unscored (not on list)",0,"a. confirmed score zero"
"sex hormones - unspecified",1,"d. unscored (not on list)",NA,"d. unscored (not on list)"
"simeprevir",1,"d. unscored (not on list)",NA,"d. unscored (not on list)"
"sofosbuvir",1,"d. unscored (not on list)",NA,"d. unscored (not on list)"
"tacrolimus",1,"d. unscored (not on list)",NA,"d. unscored (not on list)"
"tapentadol",1,"d. unscored (not on list)",0,"a. confirmed score zero"
"terbinafine",1,"d. unscored (not on list)",NA,"d. unscored (not on list)"
"ticagrelor",1,"d. unscored (not on list)",NA,"d. unscored (not on list)"
"timolol",1,"d. unscored (not on list)",NA,"d. unscored (not on list)"
"triamcinolone nasal",1,"d. unscored (not on list)",NA,"d. unscored (not on list)"
"valacyclovir",1,"d. unscored (not on list)",NA,"d. unscored (not on list)"
"vardenafil",1,"d. unscored (not on list)",NA,"d. unscored (not on list)"
"vilazodone",1,"d. unscored (not on list)",NA,"d. unscored (not on list)"
